Shop_ID,product_id,product_name,source_product_url,collection_status,review_count
01_001,sp_01_001_001,SKECHERS - Giày sneakers bé gái cổ thấp Dynamatic_303552L-BBK,https://shopee.vn/product/364616598/26425712721,đã thu thập,1
01_001,sp_01_001_002,CONVERSE - Giày sneakers unisex cổ thấp Chuck Taylor All Star Original_M9697C-0000,https://shopee.vn/product/364616598/26076118065,đã thu thập,4
01_001,sp_01_001_003,SKECHERS - Dép nam quai ngang Foamies Arch Fit Horizon_243336-BBK,https://shopee.vn/product/364616598/27825706326,chưa thu thập,0
01_001,sp_01_001_004,CONVERSE - Giày sneakers unisex cổ cao Chuck Taylor All Star 1970s_162050C-0000,https://shopee.vn/product/364616598/27876031796,chưa thu thập,0
01_001,sp_01_001_005,CONVERSE - Giày sneakers unisex cổ thấp Chuck Taylor All Star 1970s_162062C-0000,https://shopee.vn/product/364616598/26826031139,chưa thu thập,0
01_001,sp_01_001_006,SKECHERS - Giày sneakers bé gái cổ thấp Microspec Advance_303657L-AQMT,https://shopee.vn/product/364616598/57558666944,chưa thu thập,0
01_001,sp_01_001_007,CONVERSE - Giày sneakers nữ cổ thấp Chuck Taylor All Star Lift_560251C-0000,https://shopee.vn/product/364616598/29326035846,chưa thu thập,0
01_001,sp_01_001_008,SKECHERS - Giày slip on nữ GOwalk Areena_125582-LGPK,https://shopee.vn/product/364616598/48358662883,chưa thu thập,0
01_001,sp_01_001_009,CONVERSE - Giày sneakers nữ cổ thấp Chuck Taylor All Star Move_570256C-0050,https://shopee.vn/product/364616598/28976014692,chưa thu thập,0
01_001,sp_01_001_010,SKECHERS - Dép nam quai ngang Arch Fit Horizon_243332-BKGY,https://shopee.vn/product/364616598/28575725604,chưa thu thập,0
01_002,sp_01_002_001,[Ngòi chính hãng] Đầu ngòi bút thay thế cao cấp AstroMazing cho bút Apple Pencil 1 và 2,https://shopee.vn/product/320823232/8329904805,đã thu thập,5
01_002,sp_01_002_002,[Kho HN-HCM] Polishing Cloth V2 Khăn lau Microfiber AstroMazing cho màn hình điện thoại iPad Macbook,https://shopee.vn/product/320823232/23515890292,chưa thu thập,0
01_002,sp_01_002_003,[Full size 11-15inch] Túi iPad và Laptop AstroMazing kích thước 11-15inch lót nhung chống sốc nhiều kích thước,https://shopee.vn/product/320823232/17696906746,chưa thu thập,0
01_002,sp_01_002_004,[DIY3 Xoay 360] Bao da DIY D03 cover 360 iPad AstroMazing xoay 360 độ chống sốc cho Pro 11 Air 4 5 Gen 8 9,https://shopee.vn/product/320823232/19758015024,chưa thu thập,0
01_002,sp_01_002_005,[DIY5 Magnetic 360] Bao da cover D05 iPad AstroMazing xoay 360 tháo rời cho Pro 11 Air 4 5 6 Gen 10,https://shopee.vn/product/320823232/41726575366,chưa thu thập,0
01_002,sp_01_002_006,[Pencase Slim Pro] Ốp bút AstroMazing Slim Pro chống sốc bảo vệ dành cho bút cảm ứng Apple Pencil Pro Pencil 2,https://shopee.vn/product/320823232/44122619584,chưa thu thập,0
01_002,sp_01_002_007,[Kho HN-HCM] Bút Stylus AstroMazing Pencil Pro cảm ứng chống chạm nhầm vẽ nét thanh đậm dành cho iPad,https://shopee.vn/product/320823232/24808689874,chưa thu thập,0
01_002,sp_01_002_008,[Best Seller] Ốp bút AstroMazing chống sốc bảo vệ dành cho bút cảm ứng Apple Pencil 1 và 2,https://shopee.vn/product/320823232/23361351473,chưa thu thập,0
01_002,sp_01_002_009,[Khung tự dán] Kính cường lực iPad AstroMazing độ cứng 9H dành cho Pro 11/13 Air 4/5/6 Gen 5/6/7/8/9,https://shopee.vn/product/320823232/19239307928,chưa thu thập,0
01_002,sp_01_002_010,Combo vệ sinh 7 in 1 Astromazing vệ sinh toàn diện thiết bị điện tử bàn phím màn hình iPad Laptop,https://shopee.vn/product/320823232/17994048458,chưa thu thập,0
01_003,sp_01_003_001,Balo CAMELIA BRAND® Global Backpack,https://shopee.vn/product/233235070/7618653327,đã thu thập,5
01_003,sp_01_003_002,Balo CAMELIA BRAND® New Original Backpack,https://shopee.vn/product/233235070/21131342930,chưa thu thập,0
01_003,sp_01_003_003,Balo CAMELIA BRAND® Basic Backpack,https://shopee.vn/product/233235070/4718651905,chưa thu thập,0
01_003,sp_01_003_004,Balo CAMELIA BRAND® Popular Backpack,https://shopee.vn/product/233235070/29204935594,chưa thu thập,0
01_003,sp_01_003_005,Túi CAMELIA BRAND® Compact Tote,https://shopee.vn/product/233235070/18384191533,chưa thu thập,0
01_003,sp_01_003_006,Túi CAMELIA BRAND® Boat Tote,https://shopee.vn/product/233235070/20637162315,chưa thu thập,0
01_003,sp_01_003_007,Balo CAMELIA BRAND® Modern Backpack,https://shopee.vn/product/233235070/4239534009,chưa thu thập,0
01_003,sp_01_003_008,Túi CAMELIA BRAND® Work Tote - Ngang,https://shopee.vn/product/233235070/24757602612,chưa thu thập,0
01_003,sp_01_003_009,Ví CAMELIA BRAND® Classic XL Wallet,https://shopee.vn/product/233235070/6121833543,chưa thu thập,0
01_003,sp_01_003_010,Túi CAMELIA BRAND® Zip Crossbag,https://shopee.vn/product/233235070/24970734690,chưa thu thập,0
