Shop_ID,Collected_Products,Collected_Reviews,Target_Products,Target_Reviews_Per_Product,Status,Observation_Date
01_001,10,50,5,10,old_data_review_count_5_per_product,2026-09-27
01_002,10,50,5,10,old_data_review_count_5_per_product,2026-09-27
01_003,10,50,5,10,old_data_review_count_5_per_product,2026-09-27
01_004,10,50,5,10,old_data_review_count_5_per_product,2026-09-27
01_005,10,50,5,10,old_data_review_count_5_per_product,2026-09-27
01_006,5,50,5,10,complete_new_shop,2026-09-28
01_007,5,50,5,10,complete_new_shop,2026-09-28
01_008,5,50,5,10,complete_new_shop,2026-09-28
01_009,5,50,5,10,complete_new_shop,2026-09-28
01_010,5,50,5,10,complete_new_shop,2026-09-28
01_011,5,50,5,10,complete_new_shop,2026-09-28
01_012,5,50,5,10,complete_new_shop,2026-09-28
01_013,5,50,5,10,complete_new_shop,2026-09-28
01_014,5,50,5,10,complete_new_shop,2026-09-28
01_015,5,50,5,10,complete_new_shop,2026-09-28
