Shop_ID,product_id,product_name,product_details,description_text,Review_stars,collection_note,product_url,units_sold,Time_Collected,Data_Source,description_normalized,description_clean,Description_Length,Detail_Field_Count,Transparency_Score
01_001,sp_01_001_001,SKECHERS - Giày sneakers bé gái cổ thấp Dynamatic_303552L-BBK,"{'shopee_shop_id': 364616598, 'shopee_item_id': 26425712721, 'source_product_url': 'https://shopee.vn/product/364616598/26425712721', 'collection_date': '2026-09-21'}",,4.8,Product mapping verified from public Shopee shop/product links. description_text remains null until collected from the live product page.,https://shopee.vn/product/364616598/26425712721,,2026-09-21,https://shopee.vn/product/364616598/26425712721,,,0,4,0.2
01_001,sp_01_001_002,CONVERSE - Giày sneakers unisex cổ thấp Chuck Taylor All Star Original_M9697C-0000,"{'shopee_shop_id': 364616598, 'shopee_item_id': 26076118065, 'source_product_url': 'https://shopee.vn/product/364616598/26076118065', 'collection_date': '2026-09-21'}",,4.7,Product mapping verified from public Shopee shop/product links. description_text remains null until collected from the live product page.,https://shopee.vn/product/364616598/26076118065,,2026-09-21,https://shopee.vn/product/364616598/26076118065,,,0,4,0.2
01_001,sp_01_001_003,SKECHERS - Dép nam quai ngang Foamies Arch Fit Horizon_243336-BBK,"{'shopee_shop_id': 364616598, 'shopee_item_id': 27825706326, 'source_product_url': 'https://shopee.vn/product/364616598/27825706326', 'collection_date': '2026-09-21'}",,5.0,Product mapping verified from public Shopee shop/product links. description_text remains null until collected from the live product page.,https://shopee.vn/product/364616598/27825706326,,2026-09-21,https://shopee.vn/product/364616598/27825706326,,,0,4,0.2
01_001,sp_01_001_004,CONVERSE - Giày sneakers unisex cổ cao Chuck Taylor All Star 1970s_162050C-0000,"{'shopee_shop_id': 364616598, 'shopee_item_id': 27876031796, 'source_product_url': 'https://shopee.vn/product/364616598/27876031796', 'collection_date': '2026-09-21'}",,5.0,Product mapping verified from public Shopee shop/product links. description_text remains null until collected from the live product page.,https://shopee.vn/product/364616598/27876031796,,2026-09-21,https://shopee.vn/product/364616598/27876031796,,,0,4,0.2
01_001,sp_01_001_005,CONVERSE - Giày sneakers unisex cổ thấp Chuck Taylor All Star 1970s_162062C-0000,"{'shopee_shop_id': 364616598, 'shopee_item_id': 26826031139, 'source_product_url': 'https://shopee.vn/product/364616598/26826031139', 'collection_date': '2026-09-21'}",,5.0,Product mapping verified from public Shopee shop/product links. description_text remains null until collected from the live product page.,https://shopee.vn/product/364616598/26826031139,,2026-09-21,https://shopee.vn/product/364616598/26826031139,,,0,4,0.2
01_001,sp_01_001_006,SKECHERS - Giày sneakers bé gái cổ thấp Microspec Advance_303657L-AQMT,"{'shopee_shop_id': 364616598, 'shopee_item_id': 57558666944, 'source_product_url': 'https://shopee.vn/product/364616598/57558666944', 'collection_date': '2026-09-21'}",,4.8,Product mapping verified from public Shopee shop/product links. description_text remains null until collected from the live product page.,https://shopee.vn/product/364616598/57558666944,,2026-09-21,https://shopee.vn/product/364616598/57558666944,,,0,4,0.2
01_001,sp_01_001_007,CONVERSE - Giày sneakers nữ cổ thấp Chuck Taylor All Star Lift_560251C-0000,"{'shopee_shop_id': 364616598, 'shopee_item_id': 29326035846, 'source_product_url': 'https://shopee.vn/product/364616598/29326035846', 'collection_date': '2026-09-21'}",,5.0,Product mapping verified from public Shopee shop/product links. description_text remains null until collected from the live product page.,https://shopee.vn/product/364616598/29326035846,,2026-09-21,https://shopee.vn/product/364616598/29326035846,,,0,4,0.2
01_001,sp_01_001_008,SKECHERS - Giày slip on nữ GOwalk Areena_125582-LGPK,"{'shopee_shop_id': 364616598, 'shopee_item_id': 48358662883, 'source_product_url': 'https://shopee.vn/product/364616598/48358662883', 'collection_date': '2026-09-21'}",,4.8,Product mapping verified from public Shopee shop/product links. description_text remains null until collected from the live product page.,https://shopee.vn/product/364616598/48358662883,,2026-09-21,https://shopee.vn/product/364616598/48358662883,,,0,4,0.2
01_001,sp_01_001_009,CONVERSE - Giày sneakers nữ cổ thấp Chuck Taylor All Star Move_570256C-0050,"{'shopee_shop_id': 364616598, 'shopee_item_id': 28976014692, 'source_product_url': 'https://shopee.vn/product/364616598/28976014692', 'collection_date': '2026-09-21'}",,5.0,Product mapping verified from public Shopee shop/product links. description_text remains null until collected from the live product page.,https://shopee.vn/product/364616598/28976014692,,2026-09-21,https://shopee.vn/product/364616598/28976014692,,,0,4,0.2
01_001,sp_01_001_010,SKECHERS - Dép nam quai ngang Arch Fit Horizon_243332-BKGY,"{'shopee_shop_id': 364616598, 'shopee_item_id': 28575725604, 'source_product_url': 'https://shopee.vn/product/364616598/28575725604', 'collection_date': '2026-09-21'}",,5.0,Product mapping verified from public Shopee shop/product links. description_text remains null until collected from the live product page.,https://shopee.vn/product/364616598/28575725604,,2026-09-21,https://shopee.vn/product/364616598/28575725604,,,0,4,0.2
01_002,sp_01_002_001,[Ngòi chính hãng] Đầu ngòi bút thay thế cao cấp AstroMazing cho bút Apple Pencil 1 và 2,"{'shopee_shop_id': 320823232, 'shopee_item_id': 8329904805, 'source_product_url': 'https://shopee.vn/product/320823232/8329904805', 'collection_date': '2026-09-21'}",,4.9,Product mapping verified from public Shopee shop/product links. description_text remains null until collected from the live product page.,https://shopee.vn/product/320823232/8329904805,,2026-09-21,https://shopee.vn/product/320823232/8329904805,,,0,4,0.2
01_002,sp_01_002_002,[Kho HN-HCM] Polishing Cloth V2 Khăn lau Microfiber AstroMazing cho màn hình điện thoại iPad Macbook,"{'shopee_shop_id': 320823232, 'shopee_item_id': 23515890292, 'source_product_url': 'https://shopee.vn/product/320823232/23515890292', 'collection_date': '2026-09-21'}",,4.9,Product mapping verified from public Shopee shop/product links. description_text remains null until collected from the live product page.,https://shopee.vn/product/320823232/23515890292,,2026-09-21,https://shopee.vn/product/320823232/23515890292,,,0,4,0.2
01_002,sp_01_002_003,[Full size 11-15inch] Túi iPad và Laptop AstroMazing kích thước 11-15inch lót nhung chống sốc nhiều kích thước,"{'shopee_shop_id': 320823232, 'shopee_item_id': 17696906746, 'source_product_url': 'https://shopee.vn/product/320823232/17696906746', 'collection_date': '2026-09-21'}",,4.9,Product mapping verified from public Shopee shop/product links. description_text remains null until collected from the live product page.,https://shopee.vn/product/320823232/17696906746,,2026-09-21,https://shopee.vn/product/320823232/17696906746,,,0,4,0.2
01_002,sp_01_002_004,[DIY3 Xoay 360] Bao da DIY D03 cover 360 iPad AstroMazing xoay 360 độ chống sốc cho Pro 11 Air 4 5 Gen 8 9,"{'shopee_shop_id': 320823232, 'shopee_item_id': 19758015024, 'source_product_url': 'https://shopee.vn/product/320823232/19758015024', 'collection_date': '2026-09-21'}",,4.9,Product mapping verified from public Shopee shop/product links. description_text remains null until collected from the live product page.,https://shopee.vn/product/320823232/19758015024,,2026-09-21,https://shopee.vn/product/320823232/19758015024,,,0,4,0.2
01_002,sp_01_002_005,[DIY5 Magnetic 360] Bao da cover D05 iPad AstroMazing xoay 360 tháo rời cho Pro 11 Air 4 5 6 Gen 10,"{'shopee_shop_id': 320823232, 'shopee_item_id': 41726575366, 'source_product_url': 'https://shopee.vn/product/320823232/41726575366', 'collection_date': '2026-09-21'}",,4.9,Product mapping verified from public Shopee shop/product links. description_text remains null until collected from the live product page.,https://shopee.vn/product/320823232/41726575366,,2026-09-21,https://shopee.vn/product/320823232/41726575366,,,0,4,0.2
01_002,sp_01_002_006,[Pencase Slim Pro] Ốp bút AstroMazing Slim Pro chống sốc bảo vệ dành cho bút cảm ứng Apple Pencil Pro Pencil 2,"{'shopee_shop_id': 320823232, 'shopee_item_id': 44122619584, 'source_product_url': 'https://shopee.vn/product/320823232/44122619584', 'collection_date': '2026-09-21'}",,4.9,Product mapping verified from public Shopee shop/product links. description_text remains null until collected from the live product page.,https://shopee.vn/product/320823232/44122619584,,2026-09-21,https://shopee.vn/product/320823232/44122619584,,,0,4,0.2
01_002,sp_01_002_007,[Kho HN-HCM] Bút Stylus AstroMazing Pencil Pro cảm ứng chống chạm nhầm vẽ nét thanh đậm dành cho iPad,"{'shopee_shop_id': 320823232, 'shopee_item_id': 24808689874, 'source_product_url': 'https://shopee.vn/product/320823232/24808689874', 'collection_date': '2026-09-21'}",,4.9,Product mapping verified from public Shopee shop/product links. description_text remains null until collected from the live product page.,https://shopee.vn/product/320823232/24808689874,,2026-09-21,https://shopee.vn/product/320823232/24808689874,,,0,4,0.2
01_002,sp_01_002_008,[Best Seller] Ốp bút AstroMazing chống sốc bảo vệ dành cho bút cảm ứng Apple Pencil 1 và 2,"{'shopee_shop_id': 320823232, 'shopee_item_id': 23361351473, 'source_product_url': 'https://shopee.vn/product/320823232/23361351473', 'collection_date': '2026-09-21'}",,4.9,Product mapping verified from public Shopee shop/product links. description_text remains null until collected from the live product page.,https://shopee.vn/product/320823232/23361351473,,2026-09-21,https://shopee.vn/product/320823232/23361351473,,,0,4,0.2
01_002,sp_01_002_009,[Khung tự dán] Kính cường lực iPad AstroMazing độ cứng 9H dành cho Pro 11/13 Air 4/5/6 Gen 5/6/7/8/9,"{'shopee_shop_id': 320823232, 'shopee_item_id': 19239307928, 'source_product_url': 'https://shopee.vn/product/320823232/19239307928', 'collection_date': '2026-09-21'}",,4.9,Product mapping verified from public Shopee shop/product links. description_text remains null until collected from the live product page.,https://shopee.vn/product/320823232/19239307928,,2026-09-21,https://shopee.vn/product/320823232/19239307928,,,0,4,0.2
01_002,sp_01_002_010,Combo vệ sinh 7 in 1 Astromazing vệ sinh toàn diện thiết bị điện tử bàn phím màn hình iPad Laptop,"{'shopee_shop_id': 320823232, 'shopee_item_id': 17994048458, 'source_product_url': 'https://shopee.vn/product/320823232/17994048458', 'collection_date': '2026-09-21'}",,4.9,Product mapping verified from public Shopee shop/product links. description_text remains null until collected from the live product page.,https://shopee.vn/product/320823232/17994048458,,2026-09-21,https://shopee.vn/product/320823232/17994048458,,,0,4,0.2
01_003,sp_01_003_001,Balo CAMELIA BRAND® Global Backpack,"{'shopee_shop_id': 233235070, 'shopee_item_id': 7618653327, 'source_product_url': 'https://shopee.vn/product/233235070/7618653327', 'collection_date': '2026-09-21'}",,4.9,Product mapping verified from public Shopee shop/product links. description_text remains null until collected from the live product page.,https://shopee.vn/product/233235070/7618653327,,2026-09-21,https://shopee.vn/product/233235070/7618653327,,,0,4,0.2
01_003,sp_01_003_002,Balo CAMELIA BRAND® New Original Backpack,"{'shopee_shop_id': 233235070, 'shopee_item_id': 21131342930, 'source_product_url': 'https://shopee.vn/product/233235070/21131342930', 'collection_date': '2026-09-21'}",,4.9,Product mapping verified from public Shopee shop/product links. description_text remains null until collected from the live product page.,https://shopee.vn/product/233235070/21131342930,,2026-09-21,https://shopee.vn/product/233235070/21131342930,,,0,4,0.2
01_003,sp_01_003_003,Balo CAMELIA BRAND® Basic Backpack,"{'shopee_shop_id': 233235070, 'shopee_item_id': 4718651905, 'source_product_url': 'https://shopee.vn/product/233235070/4718651905', 'collection_date': '2026-09-21'}",,5.0,Product mapping verified from public Shopee shop/product links. description_text remains null until collected from the live product page.,https://shopee.vn/product/233235070/4718651905,,2026-09-21,https://shopee.vn/product/233235070/4718651905,,,0,4,0.2
01_003,sp_01_003_004,Balo CAMELIA BRAND® Popular Backpack,"{'shopee_shop_id': 233235070, 'shopee_item_id': 29204935594, 'source_product_url': 'https://shopee.vn/product/233235070/29204935594', 'collection_date': '2026-09-21'}",,4.9,Product mapping verified from public Shopee shop/product links. description_text remains null until collected from the live product page.,https://shopee.vn/product/233235070/29204935594,,2026-09-21,https://shopee.vn/product/233235070/29204935594,,,0,4,0.2
01_003,sp_01_003_005,Túi CAMELIA BRAND® Compact Tote,"{'shopee_shop_id': 233235070, 'shopee_item_id': 18384191533, 'source_product_url': 'https://shopee.vn/product/233235070/18384191533', 'collection_date': '2026-09-21'}",,4.9,Product mapping verified from public Shopee shop/product links. description_text remains null until collected from the live product page.,https://shopee.vn/product/233235070/18384191533,,2026-09-21,https://shopee.vn/product/233235070/18384191533,,,0,4,0.2
01_003,sp_01_003_006,Túi CAMELIA BRAND® Boat Tote,"{'shopee_shop_id': 233235070, 'shopee_item_id': 20637162315, 'source_product_url': 'https://shopee.vn/product/233235070/20637162315', 'collection_date': '2026-09-21'}",,4.9,Product mapping verified from public Shopee shop/product links. description_text remains null until collected from the live product page.,https://shopee.vn/product/233235070/20637162315,,2026-09-21,https://shopee.vn/product/233235070/20637162315,,,0,4,0.2
01_003,sp_01_003_007,Balo CAMELIA BRAND® Modern Backpack,"{'shopee_shop_id': 233235070, 'shopee_item_id': 4239534009, 'source_product_url': 'https://shopee.vn/product/233235070/4239534009', 'collection_date': '2026-09-21'}",,4.9,Product mapping verified from public Shopee shop/product links. description_text remains null until collected from the live product page.,https://shopee.vn/product/233235070/4239534009,,2026-09-21,https://shopee.vn/product/233235070/4239534009,,,0,4,0.2
01_003,sp_01_003_008,Túi CAMELIA BRAND® Work Tote - Ngang,"{'shopee_shop_id': 233235070, 'shopee_item_id': 24757602612, 'source_product_url': 'https://shopee.vn/product/233235070/24757602612', 'collection_date': '2026-09-21'}",,4.9,Product mapping verified from public Shopee shop/product links. description_text remains null until collected from the live product page.,https://shopee.vn/product/233235070/24757602612,,2026-09-21,https://shopee.vn/product/233235070/24757602612,,,0,4,0.2
01_003,sp_01_003_009,Ví CAMELIA BRAND® Classic XL Wallet,"{'shopee_shop_id': 233235070, 'shopee_item_id': 6121833543, 'source_product_url': 'https://shopee.vn/product/233235070/6121833543', 'collection_date': '2026-09-21'}",,4.9,Product mapping verified from public Shopee shop/product links. description_text remains null until collected from the live product page.,https://shopee.vn/product/233235070/6121833543,,2026-09-21,https://shopee.vn/product/233235070/6121833543,,,0,4,0.2
01_003,sp_01_003_010,Túi CAMELIA BRAND® Zip Crossbag,"{'shopee_shop_id': 233235070, 'shopee_item_id': 24970734690, 'source_product_url': 'https://shopee.vn/product/233235070/24970734690', 'collection_date': '2026-09-21'}",,4.9,Product mapping verified from public Shopee shop/product links. description_text remains null until collected from the live product page.,https://shopee.vn/product/233235070/24970734690,,2026-09-21,https://shopee.vn/product/233235070/24970734690,,,0,4,0.2
