Shop_ID,product_id,review_id,user_name,rating,review_time,review_text,has_image,source_url,collection_date,Time_Collected,Data_Source,Verification_Status,review_normalized,review_clean,Comment_Length,Word_Count,Suspicious_Username,Sentiment_Score,Sentiment_Label
01_001,sp_01_001_002,rv_01_001_0001,p*****i,,2025-03-19,Đúng mô tả màu đẹp đóng gói cẩn thận giao hàng khá nhanh,,https://shopee.vn/product/364616598/26076118065,2026-09-24,2026-09-24,https://shopee.vn/product/364616598/26076118065,legacy_partial_metadata,đúng mô tả màu đẹp đóng gói cẩn thận giao hàng khá nhanh,đúng mô tả màu đẹp đóng gói cẩn thận giao hàng khá nhanh,56,13,1,1.0,positive
01_001,sp_01_001_002,rv_01_001_0002,teoem1605,,2026-01-17,"Màu sắc: xanh
Vừa chân ạ",,https://shopee.vn/product/364616598/26076118065,2026-09-24,2026-09-24,https://shopee.vn/product/364616598/26076118065,legacy_partial_metadata,màu sắc: xanh vừa chân ạ,màu sắc: xanh vừa chân ạ,24,6,0,0.0,neutral
01_001,sp_01_001_002,rv_01_001_0003,trangks803,,2026-03-30,"giày đẹp, gói cẩn thận, hộp đẹp",,https://shopee.vn/product/364616598/26076118065,2026-09-24,2026-09-24,https://shopee.vn/product/364616598/26076118065,legacy_partial_metadata,"giày đẹp, gói cẩn thận, hộp đẹp","giày đẹp, gói cẩn thận, hộp đẹp",31,7,0,1.0,positive
01_001,sp_01_001_002,rv_01_001_0004,gfpxrvly3i,,2025-03-09,Giày chính hãng kiểu gì mà gửi dây buộc dày bên ngắn bên dài.,,https://shopee.vn/product/364616598/26076118065,2026-09-24,2026-09-24,https://shopee.vn/product/364616598/26076118065,legacy_partial_metadata,giày chính hãng kiểu gì mà gửi dây buộc dày bên ngắn bên dài.,giày chính hãng kiểu gì gửi dây buộc dày bên ngắn bên dài.,61,13,0,0.0,neutral
01_001,sp_01_001_001,rv_01_001_0005,lamdang0606,,2026-09-16,"Đúng với mô tả: dung mo ta
Màu sắc: den
Chất liệu: nhu quang cao
Giao hàng nhanh, gia thay đổi liên tục dc giảm giá nen gia tốt",,https://shopee.vn/product/364616598/26425712721,2026-09-24,2026-09-24,https://shopee.vn/product/364616598/26425712721,legacy_partial_metadata,"đúng với mô tả: dung mo ta màu sắc: den chất liệu: nhu quang cao giao hàng nhanh, gia thay đổi liên tục dc giảm giá nen gia tốt","đúng mô tả: dung mo ta màu sắc: den chất liệu: nhu quang cao giao hàng nhanh, gia thay đổi liên tục dc giảm giá nen gia tốt",127,28,0,1.0,positive
01_002,sp_01_002_001,rv_01_002_0001,hoangedison,,2021-06-05,"Cảm nhận đầu tiên trên tay là một sản phẩm không khác gì ngòi bút chính hãng, chất liệu hoàn thiện tốt và đầu bút nhám nên khả năng viết rất nhạy (khuyến cáo anh em nên xài miếng dán MH Paperlike).
Đóng gói sản phẩm đẹp mắt và tặng kèm hộp đựng ngòi rất hữu dụng cho việc mang đi lại thường xuyên.",,https://shopee.vn/product/320823232/8329904805,2026-09-24,2026-09-24,https://shopee.vn/product/320823232/8329904805,legacy_partial_metadata,"cảm nhận đầu tiên trên tay là một sản phẩm không khác gì ngòi bút chính hãng, chất liệu hoàn thiện tốt và đầu bút nhám nên khả năng viết rất nhạy (khuyến cáo anh em nên xài miếng dán mh paperlike). đóng gói sản phẩm đẹp mắt và tặng kèm hộp đựng ngòi rất hữu dụng cho việc mang đi lại thường xuyên.","cảm nhận đầu tiên trên tay sản phẩm không khác gì ngòi bút chính hãng, chất liệu hoàn thiện tốt đầu bút nhám nên khả năng viết nhạy (khuyến cáo anh em nên xài miếng dán mh paperlike). đóng gói sản phẩm đẹp mắt tặng kèm hộp đựng ngòi hữu dụng việc mang đi lại thường xuyên.",297,57,0,1.0,positive
01_002,sp_01_002_001,rv_01_002_0002,vietha.luci,,2024-10-30,"Đúng với mô tả: ngoai hình đẹp
Chất lượng sản phẩm: đúng như mô tả
Thiết kế: ngoại hình đẹp, dày dạn chắc chắn.
Bút bao gồm 3 ngòi cao su và 1 ngòi kim loại.
Chất lượng 10 điểm, bút viết nhạy, ko có độ trễ. Mình nghiên cứu nhiều loại bút thấy loại này có nhiều chức năng giống apple pencil pro nhất. Giá chỉ bằng 1/4 quá hợp lý nrồi nà.",,https://shopee.vn/product/320823232/8329904805,2026-09-24,2026-09-24,https://shopee.vn/product/320823232/8329904805,legacy_partial_metadata,"đúng với mô tả: ngoai hình đẹp chất lượng sản phẩm: đúng như mô tả thiết kế: ngoại hình đẹp, dày dạn chắc chắn. bút bao gồm 3 ngòi cao su và 1 ngòi kim loại. chất lượng 10 điểm, bút viết nhạy, ko có độ trễ. mình nghiên cứu nhiều loại bút thấy loại này có nhiều chức năng giống apple pencil pro nhất. giá chỉ bằng 1/4 quá hợp lý nrồi nà.","đúng mô tả: ngoai hình đẹp chất lượng sản phẩm: đúng như mô tả thiết kế: ngoại hình đẹp, dày dạn chắc chắn. bút bao gồm 3 ngòi cao su 1 ngòi kim loại. chất lượng 10 điểm, bút viết nhạy, ko độ trễ. mình nghiên cứu nhiều loại bút thấy loại nhiều chức năng giống apple pencil pro nhất. giá chỉ bằng 1/4 quá hợp lý nrồi nà.",336,69,0,1.0,positive
01_002,sp_01_002_001,rv_01_002_0003,i*****1,,2023-06-14,"Chất lượng sản phẩm: tốt
Nhận hàng rất nhanh, ở trong HCM thì tầm hôm sau là có òi. Đầu mới dùng khá nét, nhma bạn nào dán paperlike thì đầu bút sẽ mòn khá nhanh nha. Thay sẽ thường xuyên hơn so với kính cường lực",,https://shopee.vn/product/320823232/8329904805,2026-09-24,2026-09-24,https://shopee.vn/product/320823232/8329904805,legacy_partial_metadata,"chất lượng sản phẩm: tốt nhận hàng rất nhanh, ở trong hcm thì tầm hôm sau là có òi. đầu mới dùng khá nét, nhma bạn nào dán paperlike thì đầu bút sẽ mòn khá nhanh nha. thay sẽ thường xuyên hơn so với kính cường lực","chất lượng sản phẩm: tốt nhận hàng nhanh, trong hcm tầm hôm sau òi. đầu mới dùng khá nét, nhma bạn nào dán paperlike đầu bút sẽ mòn khá nhanh nha. thay sẽ thường xuyên hơn so kính cường lực",213,40,0,1.0,positive
01_002,sp_01_002_001,rv_01_002_0004,nguyenbaongan1901,,2023-06-14,"Chất lượng sản phẩm: tốt
Đúng với mô tả: đúng
Bút xịn, pin ổn, chống tì tay, cầm chắc tay, scribble và nhiều tính năng khác. Đc tặng nhiều quà",,https://shopee.vn/product/320823232/8329904805,2026-09-24,2026-09-24,https://shopee.vn/product/320823232/8329904805,legacy_partial_metadata,"chất lượng sản phẩm: tốt đúng với mô tả: đúng bút xịn, pin ổn, chống tì tay, cầm chắc tay, scribble và nhiều tính năng khác. đc tặng nhiều quà","chất lượng sản phẩm: tốt đúng mô tả: đúng bút xịn, pin ổn, chống tì tay, cầm chắc tay, scribble nhiều tính năng khác. đc tặng nhiều quà",142,28,0,1.0,positive
01_002,sp_01_002_001,rv_01_002_0005,himawari4795,,2024-08-29,"Đúng với mô tả: Very Good
Đầu bút 2H dùng êm, tô rất sướng. Đầu bút trong suốt hợp làm ngòi vẽ và lên line. Nói chung mình rất ưng ý. Xin tiếp tục mua từ cửa hàng từ nay về sau. : D",,https://shopee.vn/product/320823232/8329904805,2026-09-24,2026-09-24,https://shopee.vn/product/320823232/8329904805,legacy_partial_metadata,"đúng với mô tả: very good đầu bút 2h dùng êm, tô rất sướng. đầu bút trong suốt hợp làm ngòi vẽ và lên line. nói chung mình rất ưng ý. xin tiếp tục mua từ cửa hàng từ nay về sau. : d","đúng mô tả: very good đầu bút 2h dùng êm, tô sướng. đầu bút trong suốt hợp làm ngòi vẽ lên line. nói chung mình ưng ý. xin tiếp tục mua từ cửa hàng từ nay về sau. : d",181,40,0,1.0,positive
01_003,sp_01_003_001,rv_01_003_0001,s*****o,,2023-12-04,"REVIEW SIÊU CHƯN THỰC CHO NHỮNG BẠN CÓ Ý ĐỊNH MUA
- chất liệu siêu ổn áp, cặp đứng form. T quăng quật cả tháng rồi mà không mất form ban đầu (bạn nào đựng đồ nặng quá lố như t vẫn sẽ đổ cặp nha)
- nhiều ngăn siêu tiện lợi, đủ cho những người mang đồ thiết yếu đi học và đi làm
- dây kéo bền, đẹp
- ngăn để cặp đựng VỪA IN laptop 15.7', không thừa không thiếu
- hồi đầu t siêu nghi ngờ ngăn đựng đth phía sau, nhưng giờ t phải công nhận nó siêu hữu dụng.
Sau khi mua xong tui mới biết đồng nghiệp có một cái y chang tui, cùng màu lun. Màu và form có hơi xuống vì đã được sử dụng 2 năm rồi (bả có giặt nước cái cặp nữa), nhưng trời ơi bền dị.",,https://shopee.vn/product/233235070/7618653327,2026-09-24,2026-09-24,https://shopee.vn/product/233235070/7618653327,legacy_partial_metadata,"review siêu chưn thực cho những bạn có ý định mua - chất liệu siêu ổn áp, cặp đứng form. t quăng quật cả tháng rồi mà không mất form ban đầu (bạn nào đựng đồ nặng quá lố như t vẫn sẽ đổ cặp nha) - nhiều ngăn siêu tiện lợi, đủ cho những người mang đồ thiết yếu đi học và đi làm - dây kéo bền, đẹp - ngăn để cặp đựng vừa in laptop 15.7', không thừa không thiếu - hồi đầu t siêu nghi ngờ ngăn đựng đth phía sau, nhưng giờ t phải công nhận nó siêu hữu dụng. sau khi mua xong tui mới biết đồng nghiệp có một cái y chang tui, cùng màu lun. màu và form có hơi xuống vì đã được sử dụng 2 năm rồi (bả có giặt nước cái cặp nữa), nhưng trời ơi bền dị.","review siêu chưn thực bạn ý định mua - chất liệu siêu ổn áp, cặp đứng form. t quăng quật cả tháng rồi không mất form ban đầu (bạn nào đựng đồ nặng quá lố như t vẫn sẽ đổ cặp nha) - nhiều ngăn siêu tiện lợi, đủ người mang đồ thiết yếu đi học đi làm - dây kéo bền, đẹp - ngăn để cặp đựng vừa in laptop 15.7', không thừa không thiếu - hồi đầu t siêu nghi ngờ ngăn đựng đth phía sau, nhưng giờ t phải công nhận nó siêu hữu dụng. sau khi mua xong tui mới biết đồng nghiệp cái y chang tui, cùng màu lun. màu form hơi xuống vì sử dụng 2 năm rồi (bả giặt nước cái cặp nữa), nhưng trời ơi bền dị.",640,135,1,1.0,positive
01_003,sp_01_003_001,rv_01_003_0002,ngocphuonghoang10052000,,2026-07-09,"Độ bền: chac chan
Đóng gói và giao hành nhanh, shop có thư cảm ơn và bộ sticker kèm theo, dễ thương ghê luôn.
Chất vải Canvas chống thấm nước, dày dặn, đứng form. Ngăn bên trong đựng được 1 laptop 15.6 inch, lượng sách như trong hình nha.
Mình là nữ, cao 1m53 mang balo vừa người luôn, không quá to nè. Phù hợp cho học sinh sinh viên và dân đi làm phải mang laptop theo như mình 🤣🤣🤣",,https://shopee.vn/product/233235070/7618653327,2026-09-24,2026-09-24,https://shopee.vn/product/233235070/7618653327,legacy_partial_metadata,"độ bền: chac chan đóng gói và giao hành nhanh, shop có thư cảm ơn và bộ sticker kèm theo, dễ thương ghê luôn. chất vải canvas chống thấm nước, dày dặn, đứng form. ngăn bên trong đựng được 1 laptop 15.6 inch, lượng sách như trong hình nha. mình là nữ, cao 1m53 mang balo vừa người luôn, không quá to nè. phù hợp cho học sinh sinh viên và dân đi làm phải mang laptop theo như mình 🤣🤣🤣","độ bền: chac chan đóng gói giao hành nhanh, shop thư cảm ơn bộ sticker kèm theo, dễ thương ghê luôn. chất vải canvas chống thấm nước, dày dặn, đứng form. ngăn bên trong đựng 1 laptop 15.6 inch, lượng sách như trong hình nha. mình nữ, cao 1m53 mang balo vừa người luôn, không quá to nè. phù hợp học sinh sinh viên dân đi làm phải mang laptop theo như mình 🤣🤣🤣",382,74,0,1.0,positive
01_003,sp_01_003_001,rv_01_003_0003,linhdu94trinh,,2022-09-10,"Hàng đẹp,chất lượng,nhìn rất cứng cáp.Sản phẩm thơm,màu sắc đẹp.Nói chung là về chất lượng thì k bàn cãi nữa.Mười điểm!!!Giao hàng nhanh,hôm qua đặt hôm nay giao luôn.Sẽ ủng hộ thêm những lần sau.",,https://shopee.vn/product/233235070/7618653327,2026-09-24,2026-09-24,https://shopee.vn/product/233235070/7618653327,legacy_partial_metadata,"hàng đẹp,chất lượng,nhìn rất cứng cáp.sản phẩm thơm,màu sắc đẹp.nói chung là về chất lượng thì k bàn cãi nữa.mười điểm!giao hàng nhanh,hôm qua đặt hôm nay giao luôn.sẽ ủng hộ thêm những lần sau.","hàng đẹp,chất lượng,nhìn cứng cáp.sản phẩm thơm,màu sắc đẹp.nói chung về chất lượng k bàn cãi nữa.mười điểm!giao hàng nhanh,hôm qua đặt hôm nay giao luôn.sẽ ủng hộ thêm lần sau.",196,31,0,1.0,positive
01_003,sp_01_003_001,rv_01_003_0004,s*****n,,2023-02-13,"Chất liệu: tốt
Màu sắc: hồng
Đúng với mô tả: tuyệt vời
Đây là bài đánh giá ko nhận xu ạ. Tr ơi tin đc ko. Mình mua vs giá 75k mà chất lượng kinh khủng. Shop giao nhanh ko tưởng, mới đặt bữa trc bữa sau có liền luôn má. Brand này xịn qué đi. Shop dễ thương quá, gởi cả thư và bộ sticker xinh xắn nữa. Balo thì vải dày dặn đẹp ok lắm cả nhà ơi. Này thì giá ntn cũng nên mua luôn nhe. Moah yêu shop này quá",,https://shopee.vn/product/233235070/7618653327,2026-09-24,2026-09-24,https://shopee.vn/product/233235070/7618653327,legacy_partial_metadata,"chất liệu: tốt màu sắc: hồng đúng với mô tả: tuyệt vời đây là bài đánh giá ko nhận xu ạ. tr ơi tin đc ko. mình mua vs giá 75k mà chất lượng kinh khủng. shop giao nhanh ko tưởng, mới đặt bữa trc bữa sau có liền luôn má. brand này xịn qué đi. shop dễ thương quá, gởi cả thư và bộ sticker xinh xắn nữa. balo thì vải dày dặn đẹp ok lắm cả nhà ơi. này thì giá ntn cũng nên mua luôn nhe. moah yêu shop này quá","chất liệu: tốt màu sắc: hồng đúng mô tả: tuyệt vời đây bài đánh giá ko nhận xu ạ. tr ơi tin đc ko. mình mua vs giá 75k chất lượng kinh khủng. shop giao nhanh ko tưởng, mới đặt bữa trc bữa sau liền luôn má. brand xịn qué đi. shop dễ thương quá, gởi cả thư bộ sticker xinh xắn nữa. balo vải dày dặn đẹp ok lắm cả nhà ơi. giá ntn cũng nên mua luôn nhe. moah yêu shop quá",403,84,1,1.0,positive
01_003,sp_01_003_001,rv_01_003_0005,chanchan207,,2022-08-04,"Chất liệu: cHất liệu bên
Màu sắc: đúng màu
Nhìn chất liệu khá chắc chắn và chống thấm nước, kiểu dáng sang vs mang ko bị nặng vai, đựng đồ khá nhiều đứng form",,https://shopee.vn/product/233235070/7618653327,2026-09-24,2026-09-24,https://shopee.vn/product/233235070/7618653327,legacy_partial_metadata,"chất liệu: chất liệu bên màu sắc: đúng màu nhìn chất liệu khá chắc chắn và chống thấm nước, kiểu dáng sang vs mang ko bị nặng vai, đựng đồ khá nhiều đứng form","chất liệu: chất liệu bên màu sắc: đúng màu nhìn chất liệu khá chắc chắn chống thấm nước, kiểu dáng sang vs mang ko bị nặng vai, đựng đồ khá nhiều đứng form",158,33,0,0.0,neutral
