Shop_ID,Shop_Name,Shop_type,Years_Active,Is_Online_Now,Total_Products,Follower_Count_k,Rating_Average,Total_Ratings_k,Chat_Response_Rate_pct,Has_Voucher,Time_Collected,Sales,Total_Reviews,Authentic_Review_Rate,Suspicious_Review_Rate,Conversion_Rate_pct,Target_Label,Labeler,Label_Reason,Review_Status,Auto_Label_Score
01_001,Maison Online,Shopee Mall,6,,11600,104.7,4.8,8.9,87,1.0,2026-09-27,849.0,50,0.29,0.6,,0,AUTO_RULE,Rule-based pseudo-label; score=0.4372,pseudo,0.4371648303019493
01_002,AstroMazing Official Store,Shopee Mall,6,,98,129.9,4.9,108.2,94,1.0,2026-09-27,178000.0,50,0.61,0.0,,2,AUTO_RULE,Rule-based pseudo-label; score=0.8392,pseudo,0.8392378913069046
01_003,Camelia Brand,Shopee Mall,7,,90,525.1,4.9,132.4,100,,2026-09-27,210000.0,50,0.63,0.0,,2,AUTO_RULE,Rule-based pseudo-label; score=0.9317,pseudo,0.9316963313864544
01_004,Hoàng Phúc International,Shopee Mall,9,,101,181.3,4.9,55.6,100,1.0,2026-09-27,173645.0,50,0.52,0.08,,2,AUTO_RULE,Rule-based pseudo-label; score=0.8440,pseudo,0.8440259366648325
01_005,Lock&Lock Official Store (Cửa hàng chính hãng),Shopee Mall,9,,552,1600.0,4.9,711.8,100,1.0,2026-09-27,172000.0,50,0.52,0.06,,2,AUTO_RULE,Rule-based pseudo-label; score=0.8855,pseudo,0.8855473258000146
01_006,Ugreen Official Shop,Shopee Mall,6,,1100,694.9,4.9,279.6,100,,2026-09-28,1000.0,50,0.53,0.0,,1,AUTO_RULE,Rule-based pseudo-label; score=0.8038,pseudo,0.8038165714388852
01_007,BAMA.BAG,Shopee Mall,8,,130,330.2,4.9,47.2,99,,2026-09-28,15221.0,50,0.53,0.14,,1,AUTO_RULE,Rule-based pseudo-label; score=0.8188,pseudo,0.8188486311666222
01_008,SMART HOUSEHOLD,Shopee Mall,5,,37,1.2,4.5,8.9,83,,2026-09-28,1120253.0,50,0.29,0.54,,0,AUTO_RULE,Rule-based pseudo-label; score=0.2034,pseudo,0.20344827586206907
01_009,Gia Dụng Việt_123,Shop thường,5,,52,10.2,4.5,10.0,80,,2026-09-28,2346.0,50,0.48,0.16,,0,AUTO_RULE,Rule-based pseudo-label; score=0.2347,pseudo,0.2346893369001211
01_010,Shop Mẹ Gold1,Shop thường,5,,762,131.1,4.9,471.8,100,,2026-09-28,8000.0,50,0.56,0.1,,1,AUTO_RULE,Rule-based pseudo-label; score=0.8185,pseudo,0.8185418019525617
01_011,Deli Official Store,Shopee Mall,8,,1800,1900.0,4.9,2400.0,98,,2026-09-28,,50,0.5,0.0,,2,AUTO_RULE,Rule-based pseudo-label; score=0.8598,pseudo,0.8598339290413834
01_012,TECHZONE AUDIO,Shopee Mall,4,,40,6.1,4.8,9.7,92,,2026-09-28,209000.0,50,0.52,0.06,,1,AUTO_RULE,Rule-based pseudo-label; score=0.6404,pseudo,0.6404187793780874
01_013,CHUYÊN LOA HOT TREND,Shopee Mall,4,,31,1.4,4.6,6.4,71,,2026-09-28,802513.0,50,0.39,0.26,,0,AUTO_RULE,Rule-based pseudo-label; score=0.2308,pseudo,0.23084841805420492
01_014,MINH PHÁT PRINTING,Shop thường,7,,80,52.0,4.8,50.6,89,,2026-09-28,2000.0,50,0.54,0.02,,0,AUTO_RULE,Rule-based pseudo-label; score=0.6001,pseudo,0.600148851067928
01_015,Topick Global,Shop thường,7,,324300,5500.0,4.7,7300.0,98,,2026-09-28,,50,0.59,0.04,,1,AUTO_RULE,Rule-based pseudo-label; score=0.7831,pseudo,0.7831454830594144
